Name,Modified
GEN-AP22.bmp,13/01/2022 16:27:10
GEN-DHC1.bmp,11/01/2022 18:29:53
GEN-P28B.bmp,11/01/2022 18:29:53
GEN-P28R.bmp,11/01/2022 18:29:53
GEN-AC11.bmp,11/01/2022 18:29:53
GEN-TB20.bmp,09/01/2022 18:10:16
GEN-FK14.bmp,09/01/2022 11:48:40
GEN-FK12.bmp,09/01/2022 11:18:36
GEN-FK9.bmp,09/01/2022 11:04:34
GEN-EVSS.bmp,09/01/2022 10:45:16
GEN-P28T.bmp,06/01/2022 16:24:01
GEN-SKRA.bmp,06/01/2022 16:24:01
GEN-M20T.bmp,06/01/2022 16:24:01
GEN-M20P.bmp,06/01/2022 16:24:01
GEN-BE36.bmp,06/01/2022 16:24:00
GEN-P28A.bmp,06/01/2022 16:24:00
GEN-C172.bmp,06/01/2022 16:24:00
GEN-C182.bmp,06/01/2022 16:24:00
GEN-C152.bmp,06/01/2022 16:24:00
GEN-C150.bmp,06/01/2022 16:24:00
GEN-EV97.bmp,05/01/2022 21:35:01
GEN-C42.bmp,05/01/2022 21:35:01
GEN-WT9.bmp,05/01/2022 21:34:59
GEN-NG5.bmp,05/01/2022 21:34:58
GEN-AT5T.bmp,05/01/2022 21:34:58
GEN-RV3.bmp,03/01/2022 17:07:37
GEN-RV14A.bmp,03/01/2022 17:07:37
GEN-RV14.bmp,03/01/2022 17:07:36
GEN-RV12.bmp,03/01/2022 17:07:36
GEN-RV10.bmp,03/01/2022 17:07:36
GEN-RV9A.bmp,03/01/2022 17:07:36
GEN-RV9.bmp,03/01/2022 17:07:36
GEN-RV8A.bmp,03/01/2022 17:07:36
GEN-RV8.bmp,03/01/2022 17:07:36
GEN-RV7A.bmp,03/01/2022 17:07:35
GEN-RV7.bmp,03/01/2022 17:07:35
GEN-RV6A.bmp,03/01/2022 17:07:35
GEN-RV6.bmp,03/01/2022 17:07:35
GEN-DA62.bmp,31/12/2021 18:50:48
GEN-R22.bmp,23/12/2021 16:23:07
GEN-R66.bmp,23/12/2021 16:23:06
GEN-R44.bmp,23/12/2021 16:23:06
GEN-C177.bmp,23/12/2021 16:23:06
GEN-AA5.bmp,23/12/2021 16:23:05
GEN-TB10.bmp,22/12/2021 21:31:30
GEN-VL3.bmp,22/12/2021 21:31:28
GEN-DA42.bmp,21/12/2021 21:35:42
GEN-SR20.bmp,21/12/2021 21:35:42
GEN-SR22.bmp,21/12/2021 21:35:42
GEN-CRUZ.bmp,21/12/2021 21:35:42
GEN-EFOXTD.bmp,21/12/2021 21:35:41
GEN-EFOX.bmp,21/12/2021 21:35:41
GEN-RF6.bmp,21/12/2021 21:35:41
GEN-DR40.bmp,21/12/2021 21:35:41
